[
null,
{"id":1,"list":[{"code":108,"indent":0,"parameters":["By Step 7, you'll have a complete testimony!"]},{"code":0,"indent":0,"parameters":[]}],"name":"Tutorial","switchId":1,"trigger":0},
{"id":2,"list":[{"code":0,"indent":0,"parameters":[]}],"name":"","switchId":1,"trigger":0},
{"id":3,"list":[{"code":108,"indent":0,"parameters":["These comments are to help you and are not"]},{"code":408,"indent":0,"parameters":["necessary for the plugin to function."]},{"code":101,"indent":0,"parameters":["Actor1",3,0,2]},{"code":401,"indent":0,"parameters":["Hey, this is some introductory text!"]},{"code":101,"indent":0,"parameters":["Actor1",3,0,2]},{"code":401,"indent":0,"parameters":["Lemme just start my testimony..."]},{"code":0,"indent":0,"parameters":[]}],"name":"Step 1: Opening Statements","switchId":1,"trigger":0},
{"id":4,"list":[{"code":108,"indent":0,"parameters":["Let's write some testimony!"]},{"code":101,"indent":0,"parameters":["Actor1",3,0,2]},{"code":401,"indent":0,"parameters":["Hey, this is some introductory text!"]},{"code":101,"indent":0,"parameters":["Actor1",3,0,2]},{"code":401,"indent":0,"parameters":["Lemme just start my testimony..."]},{"code":112,"indent":0,"parameters":[]},{"code":108,"indent":1,"parameters":["Don't forget to show the overlay at the start"]},{"code":408,"indent":1,"parameters":["of the loop."]},{"code":356,"indent":1,"parameters":["CrossExamine show"]},{"code":101,"indent":1,"parameters":["Actor1",3,0,2]},{"code":401,"indent":1,"parameters":["This is the first statement of my"]},{"code":401,"indent":1,"parameters":["testimony!"]},{"code":101,"indent":1,"parameters":["Actor1",3,0,2]},{"code":401,"indent":1,"parameters":["I'm still testifying."]},{"code":101,"indent":1,"parameters":["Actor1",3,0,2]},{"code":401,"indent":1,"parameters":["...And I'm done! Wasn't I great?"]},{"code":0,"indent":1,"parameters":[]},{"code":413,"indent":0,"parameters":[]},{"code":0,"indent":0,"parameters":[]}],"name":"Step 2: Base Testimony","switchId":1,"trigger":0},
{"id":5,"list":[{"code":108,"indent":0,"parameters":["Let's write some dialogue that appears when the"]},{"code":408,"indent":0,"parameters":["witness is pressed!"]},{"code":101,"indent":0,"parameters":["Actor1",3,0,2]},{"code":401,"indent":0,"parameters":["Hey, this is some introductory text!"]},{"code":101,"indent":0,"parameters":["Actor1",3,0,2]},{"code":401,"indent":0,"parameters":["Lemme just start my testimony..."]},{"code":112,"indent":0,"parameters":[]},{"code":356,"indent":1,"parameters":["CrossExamine show"]},{"code":101,"indent":1,"parameters":["Actor1",3,0,2]},{"code":401,"indent":1,"parameters":["This is the first statement of my"]},{"code":401,"indent":1,"parameters":["testimony!"]},{"code":108,"indent":1,"parameters":["There's a variable, CrossExamine.pressed,"]},{"code":408,"indent":1,"parameters":["that is turned ON if the player tried to press"]},{"code":408,"indent":1,"parameters":["them."]},{"code":111,"indent":1,"parameters":[12,"CrossExamine.press"]},{"code":108,"indent":2,"parameters":["Remember to hide the overlay."]},{"code":356,"indent":2,"parameters":["CrossExamine hide"]},{"code":101,"indent":2,"parameters":["Actor1",3,0,2]},{"code":401,"indent":2,"parameters":["Oh, come on! That was the first statement!"]},{"code":401,"indent":2,"parameters":["You can't possibly have an issue with that!"]},{"code":101,"indent":2,"parameters":["Actor1",3,0,2]},{"code":401,"indent":2,"parameters":["Anyway, let me continue..."]},{"code":108,"indent":2,"parameters":["Remember to show it again."]},{"code":356,"indent":2,"parameters":["CrossExamine show"]},{"code":0,"indent":2,"parameters":[]},{"code":412,"indent":1,"parameters":[]},{"code":101,"indent":1,"parameters":["Actor1",3,0,2]},{"code":401,"indent":1,"parameters":["I'm still testifying."]},{"code":101,"indent":1,"parameters":["Actor1",3,0,2]},{"code":401,"indent":1,"parameters":["...And I'm done! Wasn't I great?"]},{"code":0,"indent":1,"parameters":[]},{"code":413,"indent":0,"parameters":[]},{"code":0,"indent":0,"parameters":[]}],"name":"Step 3: Press Dialogue","switchId":1,"trigger":0},
{"id":6,"list":[{"code":108,"indent":0,"parameters":["I went ahead and filled out the rest of the "]},{"code":408,"indent":0,"parameters":["press dialogue. Scroll to the end to see"]},{"code":408,"indent":0,"parameters":["the after-testimony hints/thoughts part."]},{"code":101,"indent":0,"parameters":["Actor1",3,0,2]},{"code":401,"indent":0,"parameters":["Hey, this is some introductory text!"]},{"code":101,"indent":0,"parameters":["Actor1",3,0,2]},{"code":401,"indent":0,"parameters":["Lemme just start my testimony..."]},{"code":112,"indent":0,"parameters":[]},{"code":356,"indent":1,"parameters":["CrossExamine show"]},{"code":108,"indent":1,"parameters":["First statement"]},{"code":101,"indent":1,"parameters":["Actor1",3,0,2]},{"code":401,"indent":1,"parameters":["This is the first statement of my"]},{"code":401,"indent":1,"parameters":["testimony!"]},{"code":111,"indent":1,"parameters":[12,"CrossExamine.press"]},{"code":108,"indent":2,"parameters":["Press dialogue"]},{"code":356,"indent":2,"parameters":["CrossExamine hide"]},{"code":101,"indent":2,"parameters":["Actor1",3,0,2]},{"code":401,"indent":2,"parameters":["Oh, come on! That was the first statement!"]},{"code":401,"indent":2,"parameters":["You can't possibly have an issue with that!"]},{"code":101,"indent":2,"parameters":["Actor1",3,0,2]},{"code":401,"indent":2,"parameters":["Anyway, let me continue..."]},{"code":356,"indent":2,"parameters":["CrossExamine show"]},{"code":0,"indent":2,"parameters":[]},{"code":412,"indent":1,"parameters":[]},{"code":108,"indent":1,"parameters":["Second statement"]},{"code":101,"indent":1,"parameters":["Actor1",3,0,2]},{"code":401,"indent":1,"parameters":["I'm still testifying."]},{"code":111,"indent":1,"parameters":[12,"CrossExamine.press"]},{"code":108,"indent":2,"parameters":["Press dialogue"]},{"code":356,"indent":2,"parameters":["CrossExamine hide"]},{"code":101,"indent":2,"parameters":["Actor1",3,0,2]},{"code":401,"indent":2,"parameters":["So it was back in the summer of '47 that"]},{"code":401,"indent":2,"parameters":["me and my buddy Jimmy went fishing along"]},{"code":401,"indent":2,"parameters":["the rocky creek..."]},{"code":101,"indent":2,"parameters":["Actor1",3,0,2]},{"code":401,"indent":2,"parameters":["What? I have to have SOMETHING interesting"]},{"code":401,"indent":2,"parameters":["to say!"]},{"code":101,"indent":2,"parameters":["Actor1",3,0,2]},{"code":401,"indent":2,"parameters":["Er, anyway, let me continue..."]},{"code":356,"indent":2,"parameters":["CrossExamine show"]},{"code":0,"indent":2,"parameters":[]},{"code":412,"indent":1,"parameters":[]},{"code":108,"indent":1,"parameters":["Third Statement"]},{"code":101,"indent":1,"parameters":["Actor1",3,0,2]},{"code":401,"indent":1,"parameters":["...And I'm done! Wasn't I great?"]},{"code":111,"indent":1,"parameters":[12,"CrossExamine.press"]},{"code":108,"indent":2,"parameters":["Press dialogue"]},{"code":356,"indent":2,"parameters":["CrossExamine hide"]},{"code":101,"indent":2,"parameters":["Actor1",3,0,2]},{"code":401,"indent":2,"parameters":["...."]},{"code":101,"indent":2,"parameters":["Actor1",3,0,2]},{"code":401,"indent":2,"parameters":["Huh?! Oh? were you talking to me?"]},{"code":101,"indent":2,"parameters":["Actor1",3,0,2]},{"code":401,"indent":2,"parameters":["Whoops, sorry, I wasn't paying attention."]},{"code":401,"indent":2,"parameters":["Yeah, that's everything, I think."]},{"code":356,"indent":2,"parameters":["CrossExamine show"]},{"code":0,"indent":2,"parameters":[]},{"code":412,"indent":1,"parameters":[]},{"code":356,"indent":1,"parameters":["CrossExamine hide"]},{"code":108,"indent":1,"parameters":["After testimony hints"]},{"code":101,"indent":1,"parameters":["Actor1",0,0,2]},{"code":401,"indent":1,"parameters":["Hm... maybe I'd have better luck if I"]},{"code":401,"indent":1,"parameters":["tried pressing her on a couple statements."]},{"code":101,"indent":1,"parameters":["Actor1",0,0,2]},{"code":401,"indent":1,"parameters":["Well, there's only one way to find out!"]},{"code":0,"indent":1,"parameters":[]},{"code":413,"indent":0,"parameters":[]},{"code":0,"indent":0,"parameters":[]}],"name":"Step 4: After-testimony hints","switchId":1,"trigger":0},
{"id":7,"list":[{"code":108,"indent":0,"parameters":["Scroll to the second press statement (the one"]},{"code":408,"indent":0,"parameters":["about Jimmy and fishing) to see how you can"]},{"code":408,"indent":0,"parameters":["enable hidden statements."]},{"code":101,"indent":0,"parameters":["Actor1",3,0,2]},{"code":401,"indent":0,"parameters":["Hey, this is some introductory text!"]},{"code":101,"indent":0,"parameters":["Actor1",3,0,2]},{"code":401,"indent":0,"parameters":["Lemme just start my testimony..."]},{"code":112,"indent":0,"parameters":[]},{"code":356,"indent":1,"parameters":["CrossExamine show"]},{"code":101,"indent":1,"parameters":["Actor1",3,0,2]},{"code":401,"indent":1,"parameters":["This is the first statement of my"]},{"code":401,"indent":1,"parameters":["testimony!"]},{"code":111,"indent":1,"parameters":[12,"CrossExamine.press"]},{"code":356,"indent":2,"parameters":["CrossExamine hide"]},{"code":101,"indent":2,"parameters":["Actor1",3,0,2]},{"code":401,"indent":2,"parameters":["Oh, come on! That was the first statement!"]},{"code":401,"indent":2,"parameters":["You can't possibly have an issue with that!"]},{"code":101,"indent":2,"parameters":["Actor1",3,0,2]},{"code":401,"indent":2,"parameters":["Anyway, let me continue..."]},{"code":356,"indent":2,"parameters":["CrossExamine show"]},{"code":0,"indent":2,"parameters":[]},{"code":412,"indent":1,"parameters":[]},{"code":101,"indent":1,"parameters":["Actor1",3,0,2]},{"code":401,"indent":1,"parameters":["I'm still testifying."]},{"code":111,"indent":1,"parameters":[12,"CrossExamine.press"]},{"code":356,"indent":2,"parameters":["CrossExamine hide"]},{"code":101,"indent":2,"parameters":["Actor1",3,0,2]},{"code":401,"indent":2,"parameters":["So it was back in the summer of '47 that"]},{"code":401,"indent":2,"parameters":["me and my buddy Jimmy went fishing along"]},{"code":401,"indent":2,"parameters":["the rocky creek..."]},{"code":101,"indent":2,"parameters":["Actor1",3,0,2]},{"code":401,"indent":2,"parameters":["What? I have to have SOMETHING interesting"]},{"code":401,"indent":2,"parameters":["to say!"]},{"code":101,"indent":2,"parameters":["Actor1",3,0,2]},{"code":401,"indent":2,"parameters":["Er, anyway, let me continue..."]},{"code":108,"indent":2,"parameters":["====================================================="]},{"code":408,"indent":2,"parameters":["|  Here, we have a choice to add this statement"]},{"code":408,"indent":2,"parameters":["|  to her testimony, if it wasn't added before."]},{"code":408,"indent":2,"parameters":["====================================================="]},{"code":111,"indent":2,"parameters":[0,1,1]},{"code":101,"indent":3,"parameters":["Actor1",0,0,2]},{"code":401,"indent":3,"parameters":["Wait---!"]},{"code":102,"indent":3,"parameters":[["That's important!","Nevermind."],1,0,2,0]},{"code":402,"indent":3,"parameters":[0,"That's important!"]},{"code":121,"indent":4,"parameters":[1,1,0]},{"code":101,"indent":4,"parameters":["Actor1",3,0,2]},{"code":401,"indent":4,"parameters":["Huh? Oh, ok..."]},{"code":0,"indent":4,"parameters":[]},{"code":402,"indent":3,"parameters":[1,"Nevermind."]},{"code":0,"indent":4,"parameters":[]},{"code":404,"indent":3,"parameters":[]},{"code":0,"indent":3,"parameters":[]},{"code":412,"indent":2,"parameters":[]},{"code":356,"indent":2,"parameters":["CrossExamine show"]},{"code":0,"indent":2,"parameters":[]},{"code":412,"indent":1,"parameters":[]},{"code":108,"indent":1,"parameters":["====================================================="]},{"code":408,"indent":1,"parameters":["|  And now, the hidden statement!"]},{"code":408,"indent":1,"parameters":["====================================================="]},{"code":111,"indent":1,"parameters":[0,1,0]},{"code":101,"indent":2,"parameters":["Actor1",3,0,2]},{"code":401,"indent":2,"parameters":["I had this buddy named Jimmy who I used"]},{"code":401,"indent":2,"parameters":["to go fishing with in the summer. Dunno"]},{"code":401,"indent":2,"parameters":["where he is now, though."]},{"code":111,"indent":2,"parameters":[12,"CrossExamine.press"]},{"code":356,"indent":3,"parameters":["CrossExamine hide"]},{"code":101,"indent":3,"parameters":["Actor1",3,0,2]},{"code":401,"indent":3,"parameters":["What? I already said I don't know where"]},{"code":401,"indent":3,"parameters":["Jimmy is. I don't see how he could be"]},{"code":401,"indent":3,"parameters":["relevant."]},{"code":356,"indent":3,"parameters":["CrossExamine show"]},{"code":0,"indent":3,"parameters":[]},{"code":412,"indent":2,"parameters":[]},{"code":0,"indent":2,"parameters":[]},{"code":412,"indent":1,"parameters":[]},{"code":108,"indent":1,"parameters":["===================== END ========================"]},{"code":101,"indent":1,"parameters":["Actor1",3,0,2]},{"code":401,"indent":1,"parameters":["...And I'm done! Wasn't I great?"]},{"code":111,"indent":1,"parameters":[12,"CrossExamine.press"]},{"code":356,"indent":2,"parameters":["CrossExamine hide"]},{"code":101,"indent":2,"parameters":["Actor1",3,0,2]},{"code":401,"indent":2,"parameters":["...."]},{"code":101,"indent":2,"parameters":["Actor1",3,0,2]},{"code":401,"indent":2,"parameters":["Huh?! Oh? were you talking to me?"]},{"code":101,"indent":2,"parameters":["Actor1",3,0,2]},{"code":401,"indent":2,"parameters":["Whoops, sorry, I wasn't paying attention."]},{"code":401,"indent":2,"parameters":["Yeah, that's everything, I think."]},{"code":356,"indent":2,"parameters":["CrossExamine show"]},{"code":0,"indent":2,"parameters":[]},{"code":412,"indent":1,"parameters":[]},{"code":356,"indent":1,"parameters":["CrossExamine hide"]},{"code":108,"indent":1,"parameters":["After testimony hints"]},{"code":101,"indent":1,"parameters":["Actor1",0,0,2]},{"code":401,"indent":1,"parameters":["Hm... maybe I'd have better luck if I"]},{"code":401,"indent":1,"parameters":["tried pressing her on a couple statements."]},{"code":101,"indent":1,"parameters":["Actor1",0,0,2]},{"code":401,"indent":1,"parameters":["Well, there's only one way to find out!"]},{"code":0,"indent":1,"parameters":[]},{"code":413,"indent":0,"parameters":[]},{"code":0,"indent":0,"parameters":[]}],"name":"Step 5: Hidden Statements","switchId":1,"trigger":0},
{"id":8,"list":[{"code":108,"indent":0,"parameters":["Scroll to the second press statement (the one"]},{"code":408,"indent":0,"parameters":["about Jimmy and fishing) to see how you can"]},{"code":408,"indent":0,"parameters":["do evidence presenting."]},{"code":101,"indent":0,"parameters":["Actor1",3,0,2]},{"code":401,"indent":0,"parameters":["Hey, this is some introductory text!"]},{"code":101,"indent":0,"parameters":["Actor1",3,0,2]},{"code":401,"indent":0,"parameters":["Lemme just start my testimony..."]},{"code":112,"indent":0,"parameters":[]},{"code":356,"indent":1,"parameters":["CrossExamine show"]},{"code":101,"indent":1,"parameters":["Actor1",3,0,2]},{"code":401,"indent":1,"parameters":["This is the first statement of my"]},{"code":401,"indent":1,"parameters":["testimony!"]},{"code":111,"indent":1,"parameters":[12,"CrossExamine.press"]},{"code":356,"indent":2,"parameters":["CrossExamine hide"]},{"code":101,"indent":2,"parameters":["Actor1",3,0,2]},{"code":401,"indent":2,"parameters":["Oh, come on! That was the first statement!"]},{"code":401,"indent":2,"parameters":["You can't possibly have an issue with that!"]},{"code":101,"indent":2,"parameters":["Actor1",3,0,2]},{"code":401,"indent":2,"parameters":["Anyway, let me continue..."]},{"code":356,"indent":2,"parameters":["CrossExamine show"]},{"code":0,"indent":2,"parameters":[]},{"code":412,"indent":1,"parameters":[]},{"code":101,"indent":1,"parameters":["Actor1",3,0,2]},{"code":401,"indent":1,"parameters":["I'm still testifying."]},{"code":111,"indent":1,"parameters":[12,"CrossExamine.press"]},{"code":356,"indent":2,"parameters":["CrossExamine hide"]},{"code":101,"indent":2,"parameters":["Actor1",3,0,2]},{"code":401,"indent":2,"parameters":["So it was back in the summer of '47 that"]},{"code":401,"indent":2,"parameters":["me and my buddy Jimmy went fishing along"]},{"code":401,"indent":2,"parameters":["the rocky creek..."]},{"code":101,"indent":2,"parameters":["Actor1",3,0,2]},{"code":401,"indent":2,"parameters":["What? I have to have SOMETHING interesting"]},{"code":401,"indent":2,"parameters":["to say!"]},{"code":101,"indent":2,"parameters":["Actor1",3,0,2]},{"code":401,"indent":2,"parameters":["Er, anyway, let me continue..."]},{"code":111,"indent":2,"parameters":[0,1,1]},{"code":101,"indent":3,"parameters":["Actor1",0,0,2]},{"code":401,"indent":3,"parameters":["Wait---!"]},{"code":102,"indent":3,"parameters":[["That's important!","Nevermind."],1,0,2,0]},{"code":402,"indent":3,"parameters":[0,"That's important!"]},{"code":121,"indent":4,"parameters":[1,1,0]},{"code":101,"indent":4,"parameters":["Actor1",3,0,2]},{"code":401,"indent":4,"parameters":["Huh? Oh, ok..."]},{"code":0,"indent":4,"parameters":[]},{"code":402,"indent":3,"parameters":[1,"Nevermind."]},{"code":0,"indent":4,"parameters":[]},{"code":404,"indent":3,"parameters":[]},{"code":0,"indent":3,"parameters":[]},{"code":412,"indent":2,"parameters":[]},{"code":356,"indent":2,"parameters":["CrossExamine show"]},{"code":0,"indent":2,"parameters":[]},{"code":412,"indent":1,"parameters":[]},{"code":111,"indent":1,"parameters":[0,1,0]},{"code":101,"indent":2,"parameters":["Actor1",3,0,2]},{"code":401,"indent":2,"parameters":["I had this buddy named Jimmy who I used"]},{"code":401,"indent":2,"parameters":["to go fishing with in the summer. Dunno"]},{"code":401,"indent":2,"parameters":["where he is now, though."]},{"code":108,"indent":2,"parameters":["====================================================="]},{"code":408,"indent":2,"parameters":["|  Presenting Evidence"]},{"code":408,"indent":2,"parameters":["====================================================="]},{"code":111,"indent":2,"parameters":[12,"CrossExamine.present"]},{"code":356,"indent":3,"parameters":["CrossExamine hide"]},{"code":104,"indent":3,"parameters":[1,1]},{"code":111,"indent":3,"parameters":[1,1,0,1,0]},{"code":101,"indent":4,"parameters":["Actor1",3,0,2]},{"code":401,"indent":4,"parameters":["Huh? Wait..."]},{"code":101,"indent":4,"parameters":["Actor1",3,0,2]},{"code":401,"indent":4,"parameters":["Is that Jimmy? Oh my god! Is he okay?"]},{"code":101,"indent":4,"parameters":["Actor1",0,0,2]},{"code":401,"indent":4,"parameters":["So you know this person?"]},{"code":101,"indent":4,"parameters":["Actor1",3,0,2]},{"code":401,"indent":4,"parameters":["Yeah, that's Jimmy! Haven't seen him"]},{"code":401,"indent":4,"parameters":["in ages, but that's Jimmy alright."]},{"code":101,"indent":4,"parameters":["Actor1",3,0,2]},{"code":401,"indent":4,"parameters":["Come on, let's get him some potions or"]},{"code":401,"indent":4,"parameters":["something."]},{"code":108,"indent":4,"parameters":["By putting break loop here we"]},{"code":408,"indent":4,"parameters":["end the testimony."]},{"code":113,"indent":4,"parameters":[]},{"code":0,"indent":4,"parameters":[]},{"code":411,"indent":3,"parameters":[]},{"code":108,"indent":4,"parameters":["The player didn't select the correct item."]},{"code":408,"indent":4,"parameters":["If we wanted, we could decrease his HP or some"]},{"code":408,"indent":4,"parameters":["other variable here."]},{"code":101,"indent":4,"parameters":["Actor1",3,0,2]},{"code":401,"indent":4,"parameters":["Eh... I fail to see the relevance."]},{"code":101,"indent":4,"parameters":["Actor1",3,0,2]},{"code":401,"indent":4,"parameters":["MOVING ON!"]},{"code":0,"indent":4,"parameters":[]},{"code":412,"indent":3,"parameters":[]},{"code":356,"indent":3,"parameters":["CrossExamine show"]},{"code":0,"indent":3,"parameters":[]},{"code":412,"indent":2,"parameters":[]},{"code":108,"indent":2,"parameters":["===================== END ========================"]},{"code":111,"indent":2,"parameters":[12,"CrossExamine.press"]},{"code":356,"indent":3,"parameters":["CrossExamine hide"]},{"code":101,"indent":3,"parameters":["Actor1",3,0,2]},{"code":401,"indent":3,"parameters":["What? I already said I don't know where"]},{"code":401,"indent":3,"parameters":["Jimmy is. I don't see how he could be"]},{"code":401,"indent":3,"parameters":["relevant."]},{"code":356,"indent":3,"parameters":["CrossExamine show"]},{"code":0,"indent":3,"parameters":[]},{"code":412,"indent":2,"parameters":[]},{"code":0,"indent":2,"parameters":[]},{"code":412,"indent":1,"parameters":[]},{"code":101,"indent":1,"parameters":["Actor1",3,0,2]},{"code":401,"indent":1,"parameters":["...And I'm done! Wasn't I great?"]},{"code":111,"indent":1,"parameters":[12,"CrossExamine.press"]},{"code":356,"indent":2,"parameters":["CrossExamine hide"]},{"code":101,"indent":2,"parameters":["Actor1",3,0,2]},{"code":401,"indent":2,"parameters":["...."]},{"code":101,"indent":2,"parameters":["Actor1",3,0,2]},{"code":401,"indent":2,"parameters":["Huh?! Oh? were you talking to me?"]},{"code":101,"indent":2,"parameters":["Actor1",3,0,2]},{"code":401,"indent":2,"parameters":["Whoops, sorry, I wasn't paying attention."]},{"code":401,"indent":2,"parameters":["Yeah, that's everything, I think."]},{"code":356,"indent":2,"parameters":["CrossExamine show"]},{"code":0,"indent":2,"parameters":[]},{"code":412,"indent":1,"parameters":[]},{"code":356,"indent":1,"parameters":["CrossExamine hide"]},{"code":108,"indent":1,"parameters":["After testimony hints"]},{"code":101,"indent":1,"parameters":["Actor1",0,0,2]},{"code":401,"indent":1,"parameters":["Hm... maybe I'd have better luck if I"]},{"code":401,"indent":1,"parameters":["tried pressing her on a couple statements."]},{"code":101,"indent":1,"parameters":["Actor1",0,0,2]},{"code":401,"indent":1,"parameters":["Well, there's only one way to find out!"]},{"code":0,"indent":1,"parameters":[]},{"code":413,"indent":0,"parameters":[]},{"code":0,"indent":0,"parameters":[]}],"name":"Step 6: Presenting Evidence","switchId":1,"trigger":0},
{"id":9,"list":[{"code":108,"indent":0,"parameters":["And we're pretty much done! I added a couple more"]},{"code":408,"indent":0,"parameters":["dialogue bits at the very end but there isn't much"]},{"code":408,"indent":0,"parameters":["more to do."]},{"code":408,"indent":0,"parameters":[""]},{"code":408,"indent":0,"parameters":["I also went ahead and added present dialogue for all"]},{"code":408,"indent":0,"parameters":["the statements."]},{"code":101,"indent":0,"parameters":["Actor1",3,0,2]},{"code":401,"indent":0,"parameters":["Hey, this is some introductory text!"]},{"code":101,"indent":0,"parameters":["Actor1",3,0,2]},{"code":401,"indent":0,"parameters":["Lemme just start my testimony..."]},{"code":112,"indent":0,"parameters":[]},{"code":356,"indent":1,"parameters":["CrossExamine show"]},{"code":101,"indent":1,"parameters":["Actor1",3,0,2]},{"code":401,"indent":1,"parameters":["This is the first statement of my"]},{"code":401,"indent":1,"parameters":["testimony!"]},{"code":111,"indent":1,"parameters":[12,"CrossExamine.present"]},{"code":356,"indent":2,"parameters":["CrossExamine hide"]},{"code":104,"indent":2,"parameters":[1,1]},{"code":101,"indent":2,"parameters":["Actor1",3,0,2]},{"code":401,"indent":2,"parameters":["Eh... I fail to see the relevance."]},{"code":101,"indent":2,"parameters":["Actor1",3,0,2]},{"code":401,"indent":2,"parameters":["MOVING ON!"]},{"code":356,"indent":2,"parameters":["CrossExamine show"]},{"code":0,"indent":2,"parameters":[]},{"code":412,"indent":1,"parameters":[]},{"code":111,"indent":1,"parameters":[12,"CrossExamine.press"]},{"code":356,"indent":2,"parameters":["CrossExamine hide"]},{"code":101,"indent":2,"parameters":["Actor1",3,0,2]},{"code":401,"indent":2,"parameters":["Oh, come on! That was the first statement!"]},{"code":401,"indent":2,"parameters":["You can't possibly have an issue with that!"]},{"code":101,"indent":2,"parameters":["Actor1",3,0,2]},{"code":401,"indent":2,"parameters":["Anyway, let me continue..."]},{"code":356,"indent":2,"parameters":["CrossExamine show"]},{"code":0,"indent":2,"parameters":[]},{"code":412,"indent":1,"parameters":[]},{"code":101,"indent":1,"parameters":["Actor1",3,0,2]},{"code":401,"indent":1,"parameters":["I'm still testifying."]},{"code":111,"indent":1,"parameters":[12,"CrossExamine.present"]},{"code":356,"indent":2,"parameters":["CrossExamine hide"]},{"code":104,"indent":2,"parameters":[1,1]},{"code":101,"indent":2,"parameters":["Actor1",3,0,2]},{"code":401,"indent":2,"parameters":["Eh... I fail to see the relevance."]},{"code":101,"indent":2,"parameters":["Actor1",3,0,2]},{"code":401,"indent":2,"parameters":["MOVING ON!"]},{"code":356,"indent":2,"parameters":["CrossExamine show"]},{"code":0,"indent":2,"parameters":[]},{"code":412,"indent":1,"parameters":[]},{"code":111,"indent":1,"parameters":[12,"CrossExamine.press"]},{"code":356,"indent":2,"parameters":["CrossExamine hide"]},{"code":101,"indent":2,"parameters":["Actor1",3,0,2]},{"code":401,"indent":2,"parameters":["So it was back in the summer of '47 that"]},{"code":401,"indent":2,"parameters":["me and my buddy Jimmy went fishing along"]},{"code":401,"indent":2,"parameters":["the rocky creek..."]},{"code":101,"indent":2,"parameters":["Actor1",3,0,2]},{"code":401,"indent":2,"parameters":["What? I have to have SOMETHING interesting"]},{"code":401,"indent":2,"parameters":["to say!"]},{"code":101,"indent":2,"parameters":["Actor1",3,0,2]},{"code":401,"indent":2,"parameters":["Er, anyway, let me continue..."]},{"code":111,"indent":2,"parameters":[0,1,1]},{"code":101,"indent":3,"parameters":["Actor1",0,0,2]},{"code":401,"indent":3,"parameters":["Wait---!"]},{"code":102,"indent":3,"parameters":[["That's important!","Nevermind."],1,0,2,0]},{"code":402,"indent":3,"parameters":[0,"That's important!"]},{"code":121,"indent":4,"parameters":[1,1,0]},{"code":101,"indent":4,"parameters":["Actor1",3,0,2]},{"code":401,"indent":4,"parameters":["Huh? Oh, ok..."]},{"code":0,"indent":4,"parameters":[]},{"code":402,"indent":3,"parameters":[1,"Nevermind."]},{"code":0,"indent":4,"parameters":[]},{"code":404,"indent":3,"parameters":[]},{"code":0,"indent":3,"parameters":[]},{"code":412,"indent":2,"parameters":[]},{"code":356,"indent":2,"parameters":["CrossExamine show"]},{"code":0,"indent":2,"parameters":[]},{"code":412,"indent":1,"parameters":[]},{"code":111,"indent":1,"parameters":[0,1,0]},{"code":101,"indent":2,"parameters":["Actor1",3,0,2]},{"code":401,"indent":2,"parameters":["I had this buddy named Jimmy who I used"]},{"code":401,"indent":2,"parameters":["to go fishing with in the summer. Dunno"]},{"code":401,"indent":2,"parameters":["where he is now, though."]},{"code":108,"indent":2,"parameters":["====================================================="]},{"code":408,"indent":2,"parameters":["|  Presenting Evidence"]},{"code":408,"indent":2,"parameters":["====================================================="]},{"code":111,"indent":2,"parameters":[12,"CrossExamine.present"]},{"code":356,"indent":3,"parameters":["CrossExamine hide"]},{"code":104,"indent":3,"parameters":[1,1]},{"code":111,"indent":3,"parameters":[1,1,0,1,0]},{"code":101,"indent":4,"parameters":["Actor1",3,0,2]},{"code":401,"indent":4,"parameters":["Huh? Wait..."]},{"code":101,"indent":4,"parameters":["Actor1",3,0,2]},{"code":401,"indent":4,"parameters":["Is that Jimmy? Oh my god! Is he okay?"]},{"code":101,"indent":4,"parameters":["Actor1",0,0,2]},{"code":401,"indent":4,"parameters":["So you know this person?"]},{"code":101,"indent":4,"parameters":["Actor1",3,0,2]},{"code":401,"indent":4,"parameters":["Yeah, that's Jimmy! Haven't seen him"]},{"code":401,"indent":4,"parameters":["in ages, but that's Jimmy alright."]},{"code":101,"indent":4,"parameters":["Actor1",3,0,2]},{"code":401,"indent":4,"parameters":["Come on, let's get him some potions or"]},{"code":401,"indent":4,"parameters":["something."]},{"code":108,"indent":4,"parameters":["By putting break loop here we"]},{"code":408,"indent":4,"parameters":["end the testimony."]},{"code":113,"indent":4,"parameters":[]},{"code":0,"indent":4,"parameters":[]},{"code":411,"indent":3,"parameters":[]},{"code":108,"indent":4,"parameters":["The player didn't select the correct item."]},{"code":408,"indent":4,"parameters":["If we wanted, we could decrease his HP or some"]},{"code":408,"indent":4,"parameters":["other variable here."]},{"code":101,"indent":4,"parameters":["Actor1",3,0,2]},{"code":401,"indent":4,"parameters":["Eh... I fail to see the relevance."]},{"code":101,"indent":4,"parameters":["Actor1",3,0,2]},{"code":401,"indent":4,"parameters":["MOVING ON!"]},{"code":0,"indent":4,"parameters":[]},{"code":412,"indent":3,"parameters":[]},{"code":356,"indent":3,"parameters":["CrossExamine show"]},{"code":0,"indent":3,"parameters":[]},{"code":412,"indent":2,"parameters":[]},{"code":108,"indent":2,"parameters":["===================== END ========================"]},{"code":111,"indent":2,"parameters":[12,"CrossExamine.press"]},{"code":356,"indent":3,"parameters":["CrossExamine hide"]},{"code":101,"indent":3,"parameters":["Actor1",3,0,2]},{"code":401,"indent":3,"parameters":["What? I already said I don't know where"]},{"code":401,"indent":3,"parameters":["Jimmy is. I don't see how he could be"]},{"code":401,"indent":3,"parameters":["relevant."]},{"code":356,"indent":3,"parameters":["CrossExamine show"]},{"code":0,"indent":3,"parameters":[]},{"code":412,"indent":2,"parameters":[]},{"code":0,"indent":2,"parameters":[]},{"code":412,"indent":1,"parameters":[]},{"code":101,"indent":1,"parameters":["Actor1",3,0,2]},{"code":401,"indent":1,"parameters":["...And I'm done! Wasn't I great?"]},{"code":111,"indent":1,"parameters":[12,"CrossExamine.present"]},{"code":356,"indent":2,"parameters":["CrossExamine hide"]},{"code":104,"indent":2,"parameters":[1,1]},{"code":101,"indent":2,"parameters":["Actor1",3,0,2]},{"code":401,"indent":2,"parameters":["Eh... I fail to see the relevance."]},{"code":101,"indent":2,"parameters":["Actor1",3,0,2]},{"code":401,"indent":2,"parameters":["MOVING ON!"]},{"code":356,"indent":2,"parameters":["CrossExamine show"]},{"code":0,"indent":2,"parameters":[]},{"code":412,"indent":1,"parameters":[]},{"code":111,"indent":1,"parameters":[12,"CrossExamine.press"]},{"code":356,"indent":2,"parameters":["CrossExamine hide"]},{"code":101,"indent":2,"parameters":["Actor1",3,0,2]},{"code":401,"indent":2,"parameters":["...."]},{"code":101,"indent":2,"parameters":["Actor1",3,0,2]},{"code":401,"indent":2,"parameters":["Huh?! Oh? were you talking to me?"]},{"code":101,"indent":2,"parameters":["Actor1",3,0,2]},{"code":401,"indent":2,"parameters":["Whoops, sorry, I wasn't paying attention."]},{"code":401,"indent":2,"parameters":["Yeah, that's everything, I think."]},{"code":356,"indent":2,"parameters":["CrossExamine show"]},{"code":0,"indent":2,"parameters":[]},{"code":412,"indent":1,"parameters":[]},{"code":356,"indent":1,"parameters":["CrossExamine hide"]},{"code":108,"indent":1,"parameters":["After testimony hints"]},{"code":101,"indent":1,"parameters":["Actor1",0,0,2]},{"code":401,"indent":1,"parameters":["Hm... maybe I'd have better luck if I"]},{"code":401,"indent":1,"parameters":["tried pressing her on a couple statements."]},{"code":101,"indent":1,"parameters":["Actor1",0,0,2]},{"code":401,"indent":1,"parameters":["Well, there's only one way to find out!"]},{"code":0,"indent":1,"parameters":[]},{"code":413,"indent":0,"parameters":[]},{"code":101,"indent":0,"parameters":["Actor1",0,0,2]},{"code":401,"indent":0,"parameters":["Well, that's one mystery solved."]},{"code":0,"indent":0,"parameters":[]}],"name":"Step 7: Ending the testimony","switchId":1,"trigger":0},
{"id":10,"list":[{"code":0,"indent":0,"parameters":[]}],"name":"","switchId":1,"trigger":0},
{"id":11,"list":[{"code":108,"indent":0,"parameters":["You could update evidence by removing the old evidence"]},{"code":408,"indent":0,"parameters":["item from the inventory and adding in the new item."]},{"code":108,"indent":0,"parameters":[""]},{"code":108,"indent":0,"parameters":["You could have a variable tracking the player's wrong"]},{"code":408,"indent":0,"parameters":["guesses and end the game if their bar was low enough."]},{"code":108,"indent":0,"parameters":[""]},{"code":108,"indent":0,"parameters":["By using wait commands, SFX, and show/hide pictures,"]},{"code":408,"indent":0,"parameters":["you could recreate the Objection!s and Hold it!s of"]},{"code":408,"indent":0,"parameters":["the Ace Attorney franchise."]},{"code":108,"indent":0,"parameters":[""]},{"code":108,"indent":0,"parameters":["Since this entire plugin is more of an overlay"]},{"code":408,"indent":0,"parameters":["or an addition to the vanilla message system,"]},{"code":408,"indent":0,"parameters":["you could have animated bust images or nameboxes"]},{"code":408,"indent":0,"parameters":["or whatever through other plugins."]},{"code":0,"indent":0,"parameters":[]}],"name":"Other Tips & Ideas","switchId":1,"trigger":0}
]